{"cameraMode":{"drawMode":0,"name":"Shaded","section":"Shading Mode"},"sceneLighting":true,"audioPlay":false,"sceneViewState":{"m_AlwaysRefresh":false,"showFog":true,"showSkybox":true,"showFlares":true,"showImageEffects":true,"showParticleSystems":true,"showVisualEffectGraphs":true,"m_FxEnabled":true},"in2DMode":false,"pivot":{"x":-0.17469103634357453,"y":0.1787397563457489,"z":0.02430371567606926},"rotation":{"x":0.1270069032907486,"y":0.04937025532126427,"z":-0.006329597905278206,"w":0.9906527996063232},"size":4.4879631996154789,"orthographic":false}